[{"model": "admin.logentry", "pk": 1, "fields": {"action_time": "2022-06-02T07:02:38.474Z", "user": 6, "content_type": 11, "object_id": "6", "object_repr": "Post object (6)", "action_flag": 1, "change_message": "[{\"added\": {}}]"}}, {"model": "admin.logentry", "pk": 2, "fields": {"action_time": "2022-06-02T11:46:39.429Z", "user": 6, "content_type": 11, "object_id": "6", "object_repr": "Post object (6)", "action_flag": 2, "change_message": "[{\"changed\": {\"fields\": [\"Article rating\"]}}]"}}, {"model": "admin.logentry", "pk": 3, "fields": {"action_time": "2022-06-14T13:30:59.674Z", "user": 6, "content_type": 12, "object_id": "1", "object_repr": "127.0.0.1", "action_flag": 2, "change_message": "[{\"changed\": {\"fields\": [\"Domain name\"]}}]"}}, {"model": "admin.logentry", "pk": 4, "fields": {"action_time": "2022-06-15T08:04:37.861Z", "user": 6, "content_type": 17, "object_id": "1", "object_repr": "Google", "action_flag": 1, "change_message": "[{\"added\": {}}]"}}, {"model": "admin.logentry", "pk": 5, "fields": {"action_time": "2022-06-15T09:22:46.467Z", "user": 6, "content_type": 3, "object_id": "1", "object_repr": "basic", "action_flag": 1, "change_message": "[{\"added\": {}}]"}}, {"model": "admin.logentry", "pk": 6, "fields": {"action_time": "2022-06-15T09:22:55.730Z", "user": 6, "content_type": 3, "object_id": "2", "object_repr": "premium", "action_flag": 1, "change_message": "[{\"added\": {}}]"}}, {"model": "admin.logentry", "pk": 7, "fields": {"action_time": "2022-06-16T06:23:19.957Z", "user": 6, "content_type": 3, "object_id": "2", "object_repr": "author", "action_flag": 2, "change_message": "[{\"changed\": {\"fields\": [\"Name\"]}}]"}}, {"model": "admin.logentry", "pk": 8, "fields": {"action_time": "2022-06-16T06:23:31.077Z", "user": 6, "content_type": 3, "object_id": "1", "object_repr": "common", "action_flag": 2, "change_message": "[{\"changed\": {\"fields\": [\"Name\"]}}]"}}, {"model": "admin.logentry", "pk": 9, "fields": {"action_time": "2022-06-16T06:26:44.305Z", "user": 6, "content_type": 3, "object_id": "2", "object_repr": "authors", "action_flag": 2, "change_message": "[{\"changed\": {\"fields\": [\"Name\"]}}]"}}, {"model": "admin.logentry", "pk": 10, "fields": {"action_time": "2022-06-16T09:26:28.266Z", "user": 6, "content_type": 4, "object_id": "7", "object_repr": "ikhucainov", "action_flag": 2, "change_message": "[{\"changed\": {\"fields\": [\"Groups\"]}}]"}}, {"model": "admin.logentry", "pk": 11, "fields": {"action_time": "2022-06-16T09:26:51.866Z", "user": 6, "content_type": 4, "object_id": "1", "object_repr": "user1", "action_flag": 2, "change_message": "[{\"changed\": {\"fields\": [\"Groups\"]}}]"}}, {"model": "admin.logentry", "pk": 12, "fields": {"action_time": "2022-06-16T11:17:23.943Z", "user": 6, "content_type": 3, "object_id": "1", "object_repr": "common", "action_flag": 2, "change_message": "[{\"changed\": {\"fields\": [\"Permissions\"]}}]"}}, {"model": "admin.logentry", "pk": 13, "fields": {"action_time": "2022-07-01T12:38:59.193Z", "user": 6, "content_type": 11, "object_id": "20", "object_repr": "Post object (20)", "action_flag": 2, "change_message": "[{\"changed\": {\"fields\": [\"Article header\"]}}]"}}, {"model": "admin.logentry", "pk": 14, "fields": {"action_time": "2022-07-01T12:40:08.219Z", "user": 6, "content_type": 11, "object_id": "21", "object_repr": "Post object (21)", "action_flag": 2, "change_message": "[{\"changed\": {\"fields\": [\"Article header\"]}}]"}}, {"model": "admin.logentry", "pk": 15, "fields": {"action_time": "2022-07-04T11:44:03.793Z", "user": 6, "content_type": 11, "object_id": "21", "object_repr": "Post object (21)", "action_flag": 2, "change_message": "[{\"changed\": {\"fields\": [\"Article text\"]}}]"}}, {"model": "admin.logentry", "pk": 16, "fields": {"action_time": "2022-07-04T12:03:50.393Z", "user": 6, "content_type": 11, "object_id": "21", "object_repr": "Post object (21)", "action_flag": 2, "change_message": "[{\"changed\": {\"fields\": [\"Article text\"]}}]"}}, {"model": "admin.logentry", "pk": 17, "fields": {"action_time": "2022-07-04T12:04:31.447Z", "user": 6, "content_type": 11, "object_id": "21", "object_repr": "Post object (21)", "action_flag": 2, "change_message": "[{\"changed\": {\"fields\": [\"Article text\"]}}]"}}, {"model": "admin.logentry", "pk": 18, "fields": {"action_time": "2022-07-20T12:22:05.690Z", "user": 6, "content_type": 11, "object_id": "22", "object_repr": "Post object (22)", "action_flag": 3, "change_message": ""}}, {"model": "auth.permission", "pk": 1, "fields": {"name": "Can add log entry", "content_type": 1, "codename": "add_logentry"}}, {"model": "auth.permission", "pk": 2, "fields": {"name": "Can change log entry", "content_type": 1, "codename": "change_logentry"}}, {"model": "auth.permission", "pk": 3, "fields": {"name": "Can delete log entry", "content_type": 1, "codename": "delete_logentry"}}, {"model": "auth.permission", "pk": 4, "fields": {"name": "Can view log entry", "content_type": 1, "codename": "view_logentry"}}, {"model": "auth.permission", "pk": 5, "fields": {"name": "Can add permission", "content_type": 2, "codename": "add_permission"}}, {"model": "auth.permission", "pk": 6, "fields": {"name": "Can change permission", "content_type": 2, "codename": "change_permission"}}, {"model": "auth.permission", "pk": 7, "fields": {"name": "Can delete permission", "content_type": 2, "codename": "delete_permission"}}, {"model": "auth.permission", "pk": 8, "fields": {"name": "Can view permission", "content_type": 2, "codename": "view_permission"}}, {"model": "auth.permission", "pk": 9, "fields": {"name": "Can add group", "content_type": 3, "codename": "add_group"}}, {"model": "auth.permission", "pk": 10, "fields": {"name": "Can change group", "content_type": 3, "codename": "change_group"}}, {"model": "auth.permission", "pk": 11, "fields": {"name": "Can delete group", "content_type": 3, "codename": "delete_group"}}, {"model": "auth.permission", "pk": 12, "fields": {"name": "Can view group", "content_type": 3, "codename": "view_group"}}, {"model": "auth.permission", "pk": 13, "fields": {"name": "Can add user", "content_type": 4, "codename": "add_user"}}, {"model": "auth.permission", "pk": 14, "fields": {"name": "Can change user", "content_type": 4, "codename": "change_user"}}, {"model": "auth.permission", "pk": 15, "fields": {"name": "Can delete user", "content_type": 4, "codename": "delete_user"}}, {"model": "auth.permission", "pk": 16, "fields": {"name": "Can view user", "content_type": 4, "codename": "view_user"}}, {"model": "auth.permission", "pk": 17, "fields": {"name": "Can add content type", "content_type": 5, "codename": "add_contenttype"}}, {"model": "auth.permission", "pk": 18, "fields": {"name": "Can change content type", "content_type": 5, "codename": "change_contenttype"}}, {"model": "auth.permission", "pk": 19, "fields": {"name": "Can delete content type", "content_type": 5, "codename": "delete_contenttype"}}, {"model": "auth.permission", "pk": 20, "fields": {"name": "Can view content type", "content_type": 5, "codename": "view_contenttype"}}, {"model": "auth.permission", "pk": 21, "fields": {"name": "Can add session", "content_type": 6, "codename": "add_session"}}, {"model": "auth.permission", "pk": 22, "fields": {"name": "Can change session", "content_type": 6, "codename": "change_session"}}, {"model": "auth.permission", "pk": 23, "fields": {"name": "Can delete session", "content_type": 6, "codename": "delete_session"}}, {"model": "auth.permission", "pk": 24, "fields": {"name": "Can view session", "content_type": 6, "codename": "view_session"}}, {"model": "auth.permission", "pk": 25, "fields": {"name": "Can add comment", "content_type": 7, "codename": "add_comment"}}, {"model": "auth.permission", "pk": 26, "fields": {"name": "Can change comment", "content_type": 7, "codename": "change_comment"}}, {"model": "auth.permission", "pk": 27, "fields": {"name": "Can delete comment", "content_type": 7, "codename": "delete_comment"}}, {"model": "auth.permission", "pk": 28, "fields": {"name": "Can view comment", "content_type": 7, "codename": "view_comment"}}, {"model": "auth.permission", "pk": 29, "fields": {"name": "Can add author", "content_type": 8, "codename": "add_author"}}, {"model": "auth.permission", "pk": 30, "fields": {"name": "Can change author", "content_type": 8, "codename": "change_author"}}, {"model": "auth.permission", "pk": 31, "fields": {"name": "Can delete author", "content_type": 8, "codename": "delete_author"}}, {"model": "auth.permission", "pk": 32, "fields": {"name": "Can view author", "content_type": 8, "codename": "view_author"}}, {"model": "auth.permission", "pk": 33, "fields": {"name": "Can add post category", "content_type": 9, "codename": "add_postcategory"}}, {"model": "auth.permission", "pk": 34, "fields": {"name": "Can change post category", "content_type": 9, "codename": "change_postcategory"}}, {"model": "auth.permission", "pk": 35, "fields": {"name": "Can delete post category", "content_type": 9, "codename": "delete_postcategory"}}, {"model": "auth.permission", "pk": 36, "fields": {"name": "Can view post category", "content_type": 9, "codename": "view_postcategory"}}, {"model": "auth.permission", "pk": 37, "fields": {"name": "Can add category", "content_type": 10, "codename": "add_category"}}, {"model": "auth.permission", "pk": 38, "fields": {"name": "Can change category", "content_type": 10, "codename": "change_category"}}, {"model": "auth.permission", "pk": 39, "fields": {"name": "Can delete category", "content_type": 10, "codename": "delete_category"}}, {"model": "auth.permission", "pk": 40, "fields": {"name": "Can view category", "content_type": 10, "codename": "view_category"}}, {"model": "auth.permission", "pk": 41, "fields": {"name": "Can add post", "content_type": 11, "codename": "add_post"}}, {"model": "auth.permission", "pk": 42, "fields": {"name": "Can change post", "content_type": 11, "codename": "change_post"}}, {"model": "auth.permission", "pk": 43, "fields": {"name": "Can delete post", "content_type": 11, "codename": "delete_post"}}, {"model": "auth.permission", "pk": 44, "fields": {"name": "Can view post", "content_type": 11, "codename": "view_post"}}, {"model": "auth.permission", "pk": 45, "fields": {"name": "Can add site", "content_type": 12, "codename": "add_site"}}, {"model": "auth.permission", "pk": 46, "fields": {"name": "Can change site", "content_type": 12, "codename": "change_site"}}, {"model": "auth.permission", "pk": 47, "fields": {"name": "Can delete site", "content_type": 12, "codename": "delete_site"}}, {"model": "auth.permission", "pk": 48, "fields": {"name": "Can view site", "content_type": 12, "codename": "view_site"}}, {"model": "auth.permission", "pk": 49, "fields": {"name": "Can add flat page", "content_type": 13, "codename": "add_flatpage"}}, {"model": "auth.permission", "pk": 50, "fields": {"name": "Can change flat page", "content_type": 13, "codename": "change_flatpage"}}, {"model": "auth.permission", "pk": 51, "fields": {"name": "Can delete flat page", "content_type": 13, "codename": "delete_flatpage"}}, {"model": "auth.permission", "pk": 52, "fields": {"name": "Can view flat page", "content_type": 13, "codename": "view_flatpage"}}, {"model": "auth.permission", "pk": 53, "fields": {"name": "Can add email address", "content_type": 14, "codename": "add_emailaddress"}}, {"model": "auth.permission", "pk": 54, "fields": {"name": "Can change email address", "content_type": 14, "codename": "change_emailaddress"}}, {"model": "auth.permission", "pk": 55, "fields": {"name": "Can delete email address", "content_type": 14, "codename": "delete_emailaddress"}}, {"model": "auth.permission", "pk": 56, "fields": {"name": "Can view email address", "content_type": 14, "codename": "view_emailaddress"}}, {"model": "auth.permission", "pk": 57, "fields": {"name": "Can add email confirmation", "content_type": 15, "codename": "add_emailconfirmation"}}, {"model": "auth.permission", "pk": 58, "fields": {"name": "Can change email confirmation", "content_type": 15, "codename": "change_emailconfirmation"}}, {"model": "auth.permission", "pk": 59, "fields": {"name": "Can delete email confirmation", "content_type": 15, "codename": "delete_emailconfirmation"}}, {"model": "auth.permission", "pk": 60, "fields": {"name": "Can view email confirmation", "content_type": 15, "codename": "view_emailconfirmation"}}, {"model": "auth.permission", "pk": 61, "fields": {"name": "Can add social account", "content_type": 16, "codename": "add_socialaccount"}}, {"model": "auth.permission", "pk": 62, "fields": {"name": "Can change social account", "content_type": 16, "codename": "change_socialaccount"}}, {"model": "auth.permission", "pk": 63, "fields": {"name": "Can delete social account", "content_type": 16, "codename": "delete_socialaccount"}}, {"model": "auth.permission", "pk": 64, "fields": {"name": "Can view social account", "content_type": 16, "codename": "view_socialaccount"}}, {"model": "auth.permission", "pk": 65, "fields": {"name": "Can add social application", "content_type": 17, "codename": "add_socialapp"}}, {"model": "auth.permission", "pk": 66, "fields": {"name": "Can change social application", "content_type": 17, "codename": "change_socialapp"}}, {"model": "auth.permission", "pk": 67, "fields": {"name": "Can delete social application", "content_type": 17, "codename": "delete_socialapp"}}, {"model": "auth.permission", "pk": 68, "fields": {"name": "Can view social application", "content_type": 17, "codename": "view_socialapp"}}, {"model": "auth.permission", "pk": 69, "fields": {"name": "Can add social application token", "content_type": 18, "codename": "add_socialtoken"}}, {"model": "auth.permission", "pk": 70, "fields": {"name": "Can change social application token", "content_type": 18, "codename": "change_socialtoken"}}, {"model": "auth.permission", "pk": 71, "fields": {"name": "Can delete social application token", "content_type": 18, "codename": "delete_socialtoken"}}, {"model": "auth.permission", "pk": 72, "fields": {"name": "Can view social application token", "content_type": 18, "codename": "view_socialtoken"}}, {"model": "auth.permission", "pk": 73, "fields": {"name": "Can add user category", "content_type": 19, "codename": "add_usercategory"}}, {"model": "auth.permission", "pk": 74, "fields": {"name": "Can change user category", "content_type": 19, "codename": "change_usercategory"}}, {"model": "auth.permission", "pk": 75, "fields": {"name": "Can delete user category", "content_type": 19, "codename": "delete_usercategory"}}, {"model": "auth.permission", "pk": 76, "fields": {"name": "Can view user category", "content_type": 19, "codename": "view_usercategory"}}, {"model": "auth.group", "pk": 1, "fields": {"name": "common", "permissions": [53, 14]}}, {"model": "auth.group", "pk": 2, "fields": {"name": "authors", "permissions": []}}, {"model": "auth.user", "pk": 1, "fields": {"password": "!7lS9MT6Ye25G1vIVfmbiBqaL9LKdebCN04Y582ae", "last_login": null, "is_superuser": false, "username": "user1", "first_name": "", "last_name": "", "email": "", "is_staff": false, "is_active": true, "date_joined": "2022-05-23T11:13:27Z", "groups": [2], "user_permissions": []}}, {"model": "auth.user", "pk": 2, "fields": {"password": "!dbkUTpa18Z20TaaH9RylxteGm4CCsNJgbKRiNcIN", "last_login": null, "is_superuser": false, "username": "user2", "first_name": "", "last_name": "", "email": "", "is_staff": false, "is_active": true, "date_joined": "2022-05-23T11:13:33.855Z", "groups": [], "user_permissions": []}}, {"model": "auth.user", "pk": 5, "fields": {"password": "!NOZgSZMlk2VEA012mhTBJG8QvXAumMRKOOEfaDhX", "last_login": null, "is_superuser": false, "username": "user3", "first_name": "", "last_name": "", "email": "", "is_staff": false, "is_active": true, "date_joined": "2022-05-26T07:16:48.331Z", "groups": [], "user_permissions": []}}, {"model": "auth.user", "pk": 6, "fields": {"password": "pbkdf2_sha256$320000$VfYE1Mdaq1UoyqLfgp7bKD$IaBechwtFLc05DMkChtM1h5EYbAnylijaF21nOp5Urw=", "last_login": "2022-07-20T12:21:11.451Z", "is_superuser": true, "username": "admin", "first_name": "", "last_name": "", "email": "", "is_staff": true, "is_active": true, "date_joined": "2022-05-30T15:45:35.457Z", "groups": [2], "user_permissions": []}}, {"model": "auth.user", "pk": 7, "fields": {"password": "!TYWIvmZbdWqxuIgy0hUORB5Ns5L7EniWp5xpN6SM", "last_login": "2022-07-01T12:31:50.701Z", "is_superuser": false, "username": "ikhucainov", "first_name": "┬ырфшьшЁ", "last_name": "╒єёршэют", "email": "ikhucainov@gmail.com", "is_staff": false, "is_active": true, "date_joined": "2022-06-15T08:42:03Z", "groups": [1, 2], "user_permissions": []}}, {"model": "auth.user", "pk": 8, "fields": {"password": "pbkdf2_sha256$320000$jc8aYiMszJMSlRWMJnYfbQ$Pn+u0QXBxnRJanAC7W4msoXBQAMy7gM18Ca3RMmZJWk=", "last_login": "2022-06-16T09:46:52.642Z", "is_superuser": false, "username": "123", "first_name": "", "last_name": "", "email": "123@mail.ru", "is_staff": false, "is_active": true, "date_joined": "2022-06-16T09:37:25.699Z", "groups": [1, 2], "user_permissions": []}}, {"model": "auth.user", "pk": 9, "fields": {"password": "pbkdf2_sha256$320000$dbwM0uhAxrtUrdpOUkR5D2$fPekfGv8GiG52292NzxcZIzUtF+QYgj4t2PoT5Sb2ao=", "last_login": "2022-06-22T07:27:54.413Z", "is_superuser": false, "username": "woheta5331", "first_name": "", "last_name": "", "email": "woheta5331@syswift.com", "is_staff": false, "is_active": true, "date_joined": "2022-06-22T07:13:59.905Z", "groups": [1], "user_permissions": []}}, {"model": "auth.user", "pk": 10, "fields": {"password": "pbkdf2_sha256$320000$JVLo99bRfUmOvxeW9o7IfL$nNrxGiT2DhdG29wkpLne+UiqBFeL64cwMNrYzhDC8PM=", "last_login": "2022-06-22T07:24:44.136Z", "is_superuser": false, "username": "1233", "first_name": "", "last_name": "", "email": "123@gmail.com", "is_staff": false, "is_active": true, "date_joined": "2022-06-22T07:24:43.898Z", "groups": [1], "user_permissions": []}}, {"model": "auth.user", "pk": 11, "fields": {"password": "pbkdf2_sha256$320000$3GoJpicE7SxRiXEsPoN0kW$bIw/f0CfSrIEwE5/y49mJUJH1r6vd2yZdyLOqJyWkno=", "last_login": "2022-06-22T07:29:59.908Z", "is_superuser": false, "username": "cowoto4651", "first_name": "", "last_name": "", "email": "cowoto4651@runqx.com", "is_staff": false, "is_active": true, "date_joined": "2022-06-22T07:29:59.625Z", "groups": [1, 2], "user_permissions": []}}, {"model": "auth.user", "pk": 12, "fields": {"password": "pbkdf2_sha256$320000$CTHe1rDfCzdi1D2OvaFWrS$LO193pevxDs7d3bfAwLxAJ39mYGEYhTajJzMOEEqdzs=", "last_login": "2022-06-22T07:40:47.125Z", "is_superuser": false, "username": "jakono6281", "first_name": "", "last_name": "", "email": "jakono6281@syswift.com", "is_staff": false, "is_active": true, "date_joined": "2022-06-22T07:40:46.866Z", "groups": [1, 2], "user_permissions": []}}, {"model": "auth.user", "pk": 13, "fields": {"password": "pbkdf2_sha256$320000$E2uOLFxS2b8T9Simb4TjEv$iT0GAp3EKZgUzaxqcOFR5t4p2ASBRMMuvEyug+WxobM=", "last_login": "2022-06-22T08:37:14.058Z", "is_superuser": false, "username": "kigay26122", "first_name": "", "last_name": "", "email": "kigay26122@tagbert.com", "is_staff": false, "is_active": true, "date_joined": "2022-06-22T08:37:13.800Z", "groups": [1, 2], "user_permissions": []}}, {"model": "auth.user", "pk": 14, "fields": {"password": "pbkdf2_sha256$320000$qj4JWn2W79gCKvqZNjW0I8$5jjHM4A3ntyi2st/pXZUGW3x0YMt4Urhm/e5XqeFiF8=", "last_login": "2022-06-23T06:12:23.549Z", "is_superuser": false, "username": "xeleb28815", "first_name": "", "last_name": "", "email": "xeleb28815@syswift.com", "is_staff": false, "is_active": true, "date_joined": "2022-06-23T06:12:23.149Z", "groups": [1, 2], "user_permissions": []}}, {"model": "auth.user", "pk": 15, "fields": {"password": "pbkdf2_sha256$320000$dt0INOxNiHtyyPBpr1k2I5$yUfHIyWaxzmXs8KNmJ2uqOjxyTF8Dax3XPqB2xyQIMM=", "last_login": "2022-06-23T06:17:09.836Z", "is_superuser": false, "username": "xohoj83745", "first_name": "", "last_name": "", "email": "xohoj83745@runqx.com", "is_staff": false, "is_active": true, "date_joined": "2022-06-23T06:17:09.462Z", "groups": [1, 2], "user_permissions": []}}, {"model": "auth.user", "pk": 16, "fields": {"password": "pbkdf2_sha256$320000$BFpDGqCGEe4d7UPLrSHOlc$h5xTpo1ZKGPF71pV1RkSTBZPFwAEdBM6d1rWd5m2Q8Q=", "last_login": null, "is_superuser": false, "username": "fikeji1698", "first_name": "", "last_name": "", "email": "fikeji1698@syswift.com", "is_staff": false, "is_active": true, "date_joined": "2022-06-23T15:21:43.470Z", "groups": [1], "user_permissions": []}}, {"model": "auth.user", "pk": 17, "fields": {"password": "pbkdf2_sha256$320000$tYOSR4koo64pXdSGjO8tdv$QOFg0fXCHUkHOtJfBKY04sQdGrlMbmB4L52Uhy+5eHc=", "last_login": "2022-06-27T08:16:13.038Z", "is_superuser": false, "username": "yerevo5823", "first_name": "", "last_name": "", "email": "yerevo5823@runqx.com", "is_staff": false, "is_active": true, "date_joined": "2022-06-23T15:33:31.738Z", "groups": [1, 2], "user_permissions": []}}, {"model": "auth.user", "pk": 18, "fields": {"password": "pbkdf2_sha256$320000$PqvXYUCcZbjjM0aPSJfDcL$PT58CdBD2glkw2M3gXvsMWjzzK0C0tB5SOXual8ENq8=", "last_login": "2022-06-27T08:20:04.291Z", "is_superuser": false, "username": "dojidav345", "first_name": "", "last_name": "", "email": "dojidav345@serosin.com", "is_staff": false, "is_active": true, "date_joined": "2022-06-27T08:17:17.050Z", "groups": [1], "user_permissions": []}}, {"model": "auth.user", "pk": 19, "fields": {"password": "pbkdf2_sha256$320000$fHGZY45Hf7gsQUeGx5bU5E$peRdhPSNtfwA6V3r+hUV8d07oDtWFfdiFOGlMR8wFCI=", "last_login": null, "is_superuser": false, "username": "lisiya6428", "first_name": "", "last_name": "", "email": "lisiya6428@shbiso.com", "is_staff": false, "is_active": true, "date_joined": "2022-06-27T11:54:56.695Z", "groups": [1], "user_permissions": []}}, {"model": "auth.user", "pk": 20, "fields": {"password": "pbkdf2_sha256$320000$TJKn6aaVe4FlWEeWAnM0D9$ikEnJiCDONEtQ8b1Rpxhm/fl3Tl5uZXZ70oLKv+HUuY=", "last_login": null, "is_superuser": false, "username": "wigona3597", "first_name": "", "last_name": "", "email": "wigona3597@weepm.com", "is_staff": false, "is_active": true, "date_joined": "2022-06-27T12:01:02.491Z", "groups": [1], "user_permissions": []}}, {"model": "auth.user", "pk": 21, "fields": {"password": "pbkdf2_sha256$320000$5zaStlz1GPv8Za7oakOcUp$qR76mRATj6N9G2sHCjy+2Zty1Gu0G+zooqcmGnF0Qw0=", "last_login": "2022-07-07T08:05:41.353Z", "is_superuser": false, "username": "vinisok782", "first_name": "", "last_name": "", "email": "vinisok782@shbiso.com", "is_staff": false, "is_active": true, "date_joined": "2022-06-28T07:38:49.816Z", "groups": [1, 2], "user_permissions": []}}, {"model": "contenttypes.contenttype", "pk": 1, "fields": {"app_label": "admin", "model": "logentry"}}, {"model": "contenttypes.contenttype", "pk": 2, "fields": {"app_label": "auth", "model": "permission"}}, {"model": "contenttypes.contenttype", "pk": 3, "fields": {"app_label": "auth", "model": "group"}}, {"model": "contenttypes.contenttype", "pk": 4, "fields": {"app_label": "auth", "model": "user"}}, {"model": "contenttypes.contenttype", "pk": 5, "fields": {"app_label": "contenttypes", "model": "contenttype"}}, {"model": "contenttypes.contenttype", "pk": 6, "fields": {"app_label": "sessions", "model": "session"}}, {"model": "contenttypes.contenttype", "pk": 7, "fields": {"app_label": "news", "model": "comment"}}, {"model": "contenttypes.contenttype", "pk": 8, "fields": {"app_label": "news", "model": "author"}}, {"model": "contenttypes.contenttype", "pk": 9, "fields": {"app_label": "news", "model": "postcategory"}}, {"model": "contenttypes.contenttype", "pk": 10, "fields": {"app_label": "news", "model": "category"}}, {"model": "contenttypes.contenttype", "pk": 11, "fields": {"app_label": "news", "model": "post"}}, {"model": "contenttypes.contenttype", "pk": 12, "fields": {"app_label": "sites", "model": "site"}}, {"model": "contenttypes.contenttype", "pk": 13, "fields": {"app_label": "flatpages", "model": "flatpage"}}, {"model": "contenttypes.contenttype", "pk": 14, "fields": {"app_label": "account", "model": "emailaddress"}}, {"model": "contenttypes.contenttype", "pk": 15, "fields": {"app_label": "account", "model": "emailconfirmation"}}, {"model": "contenttypes.contenttype", "pk": 16, "fields": {"app_label": "socialaccount", "model": "socialaccount"}}, {"model": "contenttypes.contenttype", "pk": 17, "fields": {"app_label": "socialaccount", "model": "socialapp"}}, {"model": "contenttypes.contenttype", "pk": 18, "fields": {"app_label": "socialaccount", "model": "socialtoken"}}, {"model": "contenttypes.contenttype", "pk": 19, "fields": {"app_label": "news", "model": "usercategory"}}, {"model": "sessions.session", "pk": "2cse2agp6czvxrwbb5pmuenza7reb0k6", "fields": {"session_data": ".eJxVjEEOwiAQRe_C2hAYoIBL956BDMNgq6YkpV0Z765NutDtf-_9l0i4rWPaOi9pKuIsBnH63TLSg-cdlDvOtyapzesyZbkr8qBdXlvh5-Vw_w5G7OO3Bu3ARVOIQSMqcBwyDUQVYrGkkGNVxnAMkME6X2u0KurCxvsatLLi_QHlszem:1nvhax:AAa5OC2hcoxVXuVsU5Gtu8qJ0Aa3HBY9Q-SyiqyeCBo", "expire_date": "2022-06-13T15:46:15.641Z"}}, {"model": "sessions.session", "pk": "8ms8t87tj17a8jb2fhud3opaw6pjj1j5", "fields": {"session_data": ".eJxVjEEOwiAQRe_C2hAYoIBL956BDMNgq6YkpV0Z765NutDtf-_9l0i4rWPaOi9pKuIsBnH63TLSg-cdlDvOtyapzesyZbkr8qBdXlvh5-Vw_w5G7OO3Bu3ARVOIQSMqcBwyDUQVYrGkkGNVxnAMkME6X2u0KurCxvsatLLi_QHlszem:1nweq4:Gk-RSfvAgWzYMtPapvAcXqLHO7oSwE_O1vCm6t8GOE0", "expire_date": "2022-06-16T07:01:48.850Z"}}, {"model": "sessions.session", "pk": "fk1c0hwa71roukfshnrklzgzsmckf35c", "fields": {"session_data": ".eJxVjEEOwiAQRe_C2hAYoIBL956BDMNgq6YkpV0Z765NutDtf-_9l0i4rWPaOi9pKuIsBnH63TLSg-cdlDvOtyapzesyZbkr8qBdXlvh5-Vw_w5G7OO3Bu3ARVOIQSMqcBwyDUQVYrGkkGNVxnAMkME6X2u0KurCxvsatLLi_QHlszem:1oE8hT:-23ytylZb1YbNd7f_LUWXp9udB0Rk0iUNFqIsL17Jss", "expire_date": "2022-08-03T12:21:11.461Z"}}, {"model": "sessions.session", "pk": "h3myxvzdbuytq56ro5o3hip7esjzzmcy", "fields": {"session_data": ".eJxVjU0OgjAQhe_StSEztBTKTi_STIchNJJibEk0xrsLhoUu39_3XsrTWia_Zrn7OKhe1ahOv2YgvkraE5rn3a6IeVlTqb6dI87VeVOSSmQqcUmXY_WHmihPG6cVMM2IRmt0mu0AA4qMCM4QBpQmkOnEkQWHxHp0TQBrDWtpoaa6a3dolpy3Gy-PW7w_VQ_vD8wQQ0M:1o9MW5:GCEZ1YrpJcoS9zFFGX2m-m09ICU-v-aRJzVidoqC26k", "expire_date": "2022-07-21T08:05:41.363Z"}}, {"model": "sites.site", "pk": 1, "fields": {"domain": "127.0.0.1", "name": "example.com"}}, {"model": "news.author", "pk": 1, "fields": {"user": 1, "user_rating": 0}}, {"model": "news.author", "pk": 2, "fields": {"user": 2, "user_rating": 0}}, {"model": "news.author", "pk": 3, "fields": {"user": 5, "user_rating": 0}}, {"model": "news.category", "pk": 1, "fields": {"category_name": "category_1"}}, {"model": "news.category", "pk": 2, "fields": {"category_name": "category_2"}}, {"model": "news.category", "pk": 3, "fields": {"category_name": "category_3"}}, {"model": "news.category", "pk": 4, "fields": {"category_name": "category_4"}}, {"model": "news.usercategory", "pk": 1, "fields": {"user": 7, "category": 4}}, {"model": "news.usercategory", "pk": 2, "fields": {"user": 7, "category": 1}}, {"model": "news.usercategory", "pk": 3, "fields": {"user": 7, "category": 2}}, {"model": "news.usercategory", "pk": 4, "fields": {"user": 7, "category": 4}}, {"model": "news.post", "pk": 1, "fields": {"author": 2, "choice_field": "NW", "creation_date": "2022-05-24T13:19:51.586Z", "article_header": "First news", "article_text": "Text in first news", "article_rating": 0}}, {"model": "news.post", "pk": 2, "fields": {"author": 2, "choice_field": "AR", "creation_date": "2022-05-25T08:05:49.788Z", "article_header": "article1", "article_text": "article text", "article_rating": 6}}, {"model": "news.post", "pk": 6, "fields": {"author": 1, "choice_field": "NW", "creation_date": "2022-06-02T07:02:38.471Z", "article_header": "═хЄ эрчтрэш ", "article_text": "╧юыєчр∙шЄэшъ", "article_rating": 3}}, {"model": "news.post", "pk": 7, "fields": {"author": 1, "choice_field": "AR", "creation_date": "2022-06-09T14:17:59.618Z", "article_header": "ы ы ы√трт√р√тр√тр√тр", "article_text": "123", "article_rating": 0}}, {"model": "news.post", "pk": 8, "fields": {"author": 1, "choice_field": "AR", "creation_date": "2022-06-09T14:19:22.687Z", "article_header": "ы ы ы√трт√р√тр√тр√тр", "article_text": "123", "article_rating": 0}}, {"model": "news.post", "pk": 9, "fields": {"author": 1, "choice_field": "AR", "creation_date": "2022-06-09T14:19:44.961Z", "article_header": "dfdsfsdfsdfsdfdsfdsfsdfsdfdfsdfdsfsdfs", "article_text": "2131232312", "article_rating": 0}}, {"model": "news.post", "pk": 10, "fields": {"author": 1, "choice_field": "AR", "creation_date": "2022-06-09T14:21:17.199Z", "article_header": "dfdsfsdfsdfsdfdsfdsfsdfsdfdfsdfdsfsdfs", "article_text": "2131232312", "article_rating": 0}}, {"model": "news.post", "pk": 11, "fields": {"author": 1, "choice_field": "AR", "creation_date": "2022-06-10T12:07:07.601Z", "article_header": "═ютюёЄ№═ютюёЄ№═ютюёЄ№", "article_text": "═ютюёЄ№ фы  Єюую, ўЄюс√ с√ыю сюы№°х 10 чряшёхщ", "article_rating": 0}}, {"model": "news.post", "pk": 12, "fields": {"author": 2, "choice_field": "AR", "creation_date": "2022-06-10T12:07:39.943Z", "article_header": "ъяъєя√трЇ√яхєЇх√трятряяєх√я", "article_text": "fdgimfigmdmgekrtkerokolfgmldfmgl", "article_rating": 0}}, {"model": "news.post", "pk": 13, "fields": {"author": 3, "choice_field": "AR", "creation_date": "2022-06-10T12:08:04.980Z", "article_header": "ndnfjndsfjniojasnojfndjfnsdjfnjnra", "article_text": "asdkmookeorkoeaorkoesofm", "article_rating": 0}}, {"model": "news.post", "pk": 14, "fields": {"author": 2, "choice_field": "AR", "creation_date": "2022-06-10T12:08:26.362Z", "article_header": "12345678900987654321", "article_text": "sfagfgadfgadfgadfgdfgfdgdfgdfgfdg", "article_rating": 0}}, {"model": "news.post", "pk": 15, "fields": {"author": 3, "choice_field": "AR", "creation_date": "2022-06-14T09:17:31.240Z", "article_header": "═ютюёЄ№ фы  яЁютхЁъш тЁхьхэш", "article_text": "▀ ёючфры фрээє■ чряшё№ т 12:17 яю ╠╤╩", "article_rating": 0}}, {"model": "news.post", "pk": 16, "fields": {"author": 1, "choice_field": "AR", "creation_date": "2022-06-14T09:24:32.739Z", "article_header": "╧ЁютхЁ хь get_absolute_url", "article_text": "╧юьхэ ы ё     def get_absolute_url(self):\r\n        return reverse('post_detail', args=[str(self.id)])\r\n\r\n═р     def get_absolute_url(self):\r\n        return f'/news/{self.id}'", "article_rating": 0}}, {"model": "news.post", "pk": 17, "fields": {"author": 1, "choice_field": "AR", "creation_date": "2022-06-23T15:06:57.366Z", "article_header": "123afsdgfsgfdagdfgdfgdfg", "article_text": "sdfdfsdfdsfwr", "article_rating": 0}}, {"model": "news.post", "pk": 18, "fields": {"author": 1, "choice_field": "AR", "creation_date": "2022-06-28T07:33:08.717Z", "article_header": "ertertsdfsdfsdffffffffffffffwewerwerwer", "article_text": "wwerwerrrrrrrrrrrrrrrrrrrrrrrrrrrrrrrrrrrrrrrrrrrrrrrrrrrrrrrrrrrrrrrrrrrrrrrrrr", "article_rating": 0}}, {"model": "news.post", "pk": 19, "fields": {"author": 1, "choice_field": "AR", "creation_date": "2022-06-28T07:34:39.790Z", "article_header": "111111111111111111111111111111111111111111111111111111111111111", "article_text": "112222222222222222222222222222222222222222222222222222222222222222222222222", "article_rating": 0}}, {"model": "news.post", "pk": 20, "fields": {"author": 1, "choice_field": "AR", "creation_date": "2022-07-01T12:33:24.475Z", "article_header": "╤ЄрЄ№  фы  ъ¤°шЁютрэш  2", "article_text": "щЎєъхэу°∙чї·¤цфыюЁярт√Ї", "article_rating": 0}}, {"model": "news.post", "pk": 21, "fields": {"author": 1, "choice_field": "AR", "creation_date": "2022-07-01T12:39:49.780Z", "article_header": "1234567898765432345678", "article_text": "sdfsdmgmsdgmdfsgkfdklg1234567", "article_rating": 0}}, {"model": "news.postcategory", "pk": 1, "fields": {"post": 1, "category": 1}}, {"model": "news.postcategory", "pk": 2, "fields": {"post": 1, "category": 2}}, {"model": "news.postcategory", "pk": 3, "fields": {"post": 2, "category": 3}}, {"model": "news.postcategory", "pk": 4, "fields": {"post": 2, "category": 4}}, {"model": "news.comment", "pk": 1, "fields": {"post": 1, "user": 1, "comment_text": "This news is very good!", "comment_date": "2022-05-25T09:09:32.414Z", "comment_rating": 1}}, {"model": "news.comment", "pk": 2, "fields": {"post": 1, "user": 2, "comment_text": "Nice one!", "comment_date": "2022-05-25T09:13:42.212Z", "comment_rating": 0}}, {"model": "news.comment", "pk": 3, "fields": {"post": 2, "user": 1, "comment_text": ":(", "comment_date": "2022-05-25T09:14:40.312Z", "comment_rating": 0}}, {"model": "account.emailaddress", "pk": 1, "fields": {"user": 7, "email": "ikhucainov@gmail.com", "verified": true, "primary": true}}, {"model": "account.emailaddress", "pk": 2, "fields": {"user": 8, "email": "123@mail.ru", "verified": false, "primary": true}}, {"model": "account.emailaddress", "pk": 3, "fields": {"user": 9, "email": "woheta5331@syswift.com", "verified": false, "primary": true}}, {"model": "account.emailaddress", "pk": 4, "fields": {"user": 10, "email": "123@gmail.com", "verified": false, "primary": true}}, {"model": "account.emailaddress", "pk": 5, "fields": {"user": 11, "email": "cowoto4651@runqx.com", "verified": false, "primary": true}}, {"model": "account.emailaddress", "pk": 6, "fields": {"user": 12, "email": "jakono6281@syswift.com", "verified": false, "primary": true}}, {"model": "account.emailaddress", "pk": 7, "fields": {"user": 13, "email": "kigay26122@tagbert.com", "verified": false, "primary": true}}, {"model": "account.emailaddress", "pk": 8, "fields": {"user": 14, "email": "xeleb28815@syswift.com", "verified": false, "primary": true}}, {"model": "account.emailaddress", "pk": 9, "fields": {"user": 15, "email": "xohoj83745@runqx.com", "verified": false, "primary": true}}, {"model": "account.emailaddress", "pk": 10, "fields": {"user": 16, "email": "fikeji1698@syswift.com", "verified": false, "primary": true}}, {"model": "account.emailaddress", "pk": 11, "fields": {"user": 17, "email": "yerevo5823@runqx.com", "verified": true, "primary": true}}, {"model": "account.emailaddress", "pk": 12, "fields": {"user": 18, "email": "dojidav345@serosin.com", "verified": true, "primary": true}}, {"model": "account.emailaddress", "pk": 13, "fields": {"user": 19, "email": "lisiya6428@shbiso.com", "verified": false, "primary": true}}, {"model": "account.emailaddress", "pk": 14, "fields": {"user": 20, "email": "wigona3597@weepm.com", "verified": false, "primary": true}}, {"model": "account.emailaddress", "pk": 15, "fields": {"user": 21, "email": "vinisok782@shbiso.com", "verified": true, "primary": true}}, {"model": "socialaccount.socialapp", "pk": 1, "fields": {"provider": "google", "name": "Google", "client_id": "193755669480-tdio8idnhrmeehaq789o2oos048ueraj.apps.googleusercontent.com", "secret": "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", "key": "", "sites": [1]}}, {"model": "socialaccount.socialaccount", "pk": 1, "fields": {"user": 7, "provider": "google", "uid": "106380583810766007620", "last_login": "2022-07-01T12:31:50.678Z", "date_joined": "2022-06-15T08:42:03.996Z", "extra_data": "{\"id\": \"106380583810766007620\", \"email\": \"ikhucainov@gmail.com\", \"verified_email\": true, \"name\": \"\\u0412\\u043b\\u0430\\u0434\\u0438\\u043c\\u0438\\u0440 \\u0425\\u0443\\u0441\\u0430\\u0438\\u043d\\u043e\\u0432\", \"given_name\": \"\\u0412\\u043b\\u0430\\u0434\\u0438\\u043c\\u0438\\u0440\", \"family_name\": \"\\u0425\\u0443\\u0441\\u0430\\u0438\\u043d\\u043e\\u0432\", \"picture\": \"https://lh3.googleusercontent.com/a-/AOh14Gia013afxtqwmV6RCku8V6cYeUuIXRWPbSuvkynYA=s96-c\", \"locale\": \"ru\"}"}}]
